,AIQ,R2_log_ros_p,R2_ros_p,corr_log_ros_p,corr_ros_p,cv,entropy,kurtosis,max,max_entropy,mean,median,min,mode,mode2,mode2_freq,mode2_pct,mode_freq,mode_pct,n,n_missing,n_negative,n_positive,n_total,n_unique,n_zeros,normality_p,normality_stat,pct_complete,pct_missing,pct_negative,pct_positive,pct_unique,pct_zeros,q25,q75,range,rel_entropy,sem,shapiro_p,shapiro_stat,skewness,std,var,VIF,var_type
1_3y_fir_p,0.0,0.008845541631719613,0.0033913127074832023,-0.09405073966598887,-0.05823497838484361,437.2722688521856,,42.223673657431206,95.55921052631578,,2.1426485001894395,0.0,0.0,,,,,,,1173,0,0.0,238.0,1173,,935.0,8.678692753114296e-300,1377.2293139707267,100.0,0.0,0.0,20.28985507246377,,79.71014492753623,0.0,0.0,95.55921052631578,,0.27356079745688033,4.117092403194216e-56,0.24241372027005825,6.144287148725991,9.36920771030569,87.78205311885158,1.00340285284558,numeric
3_8y_fir_p,6.169940222032451,5.916796595340901e-07,2.4550153495690802e-06,-0.0007692071629503265,0.0015668488598359065,213.6381353443121,,5.333881737465099,100.0,,10.138773975134056,0.0,0.0,,,,,,,1173,0,0.0,458.0,1173,,715.0,6.900685115497559e-128,585.5985424089254,100.0,0.0,0.0,39.045183290707584,,60.954816709292416,0.0,6.169940222032451,100.0,,0.6324340062266832,6.656074559918596e-48,0.5402777855795121,2.465804966510193,21.66028766725079,469.1680618280566,1.0000024550213766,numeric
8_ny_fir_p,71.59864425928542,0.005495675897993879,0.0030685313855457652,-0.07413282604888255,-0.0553943262938161,62.95912303748561,,-1.3497804789878545,100.0,,59.088471181121044,71.42857142857143,0.0,,,,,,,1173,0,0.0,1015.0,1173,,158.0,0.0,12133.654024080728,100.0,0.0,0.0,86.53026427962489,,13.469735720375105,23.195876288659793,94.79452054794521,100.0,,1.086206550349289,2.3678543427702828e-31,0.8567049984177979,-0.444068865811821,37.201583271891224,1383.9577979354567,1.00307797625228,numeric
BLH_m_av,859.1252099148367,0.07058763537396259,0.02383778966484214,0.2656833366509134,0.15439491463400645,82.31102471337412,,0.9731690611709158,3393.548505859384,,818.4914708419464,580.1289127747516,14.650132637023953,,,,,,,1173,0,0.0,1173.0,1173,,0.0,1.287798506785238e-44,202.12161983025004,100.0,0.0,0.0,100.0,,0.0,339.1611708551624,1198.2863807699991,3378.89837322236,,19.670851531032966,5.547390798166896e-28,0.8911227153743947,1.177582362390785,673.7087168415738,453883.43514832,1.0244199062537542,numeric
BLH_m_rt,193.79704012417704,0.002969846309702736,0.0018106849635494502,0.05449629629344306,0.04255214405349571,125.55646877525652,,18.619301708311596,2414.4026662705037,,194.88452667879716,124.12705123133173,0.098366546630984,,,,,,,1061,112,0.0,1061.0,1173,,0.0,2.1589256367348564e-181,831.9965822487327,90.45183290707587,9.548167092924126,0.0,90.45183290707587,,0.0,50.467182006834776,244.26422213101182,2414.3042997238726,,7.512055009505284,3.5935652896564195e-41,0.6697439370397033,3.5041925663794107,244.69012988727042,59873.259664249264,1.0018139694908308,numeric
CBH_m_av,2939.1580763428237,0.010605830556605555,0.018178914800953332,0.10298461320316524,0.1348292060384297,51.662370724712694,,-0.26682465754411844,11352.208281249976,,4602.932904650385,4101.429565429713,42.78189392089698,,,,,,,607,566,0.0,607.0,1173,,0.0,5.73901538652834e-07,28.741615981577514,51.747655583972715,48.252344416027285,0.0,51.747655583972715,,0.0,3015.138642027149,5954.296718369973,11309.426387329078,,96.51940375221756,1.4803590002093686e-11,0.9612766190123969,0.5394890464548802,2377.984261410268,5654809.147514938,1.0185155066182632,numeric
CCL_hPa_av,170.71826676181252,0.0069886161841301265,0.009413275891640215,-0.08359794365969851,-0.09702203817504668,17.123755237249622,,-0.7023432657633029,949.9837475198747,,731.9142508506983,704.961169950619,441.5420052208168,,,,,,,1173,0,0.0,1173.0,1173,,0.0,8.738091194593596e-19,83.16284999971965,100.0,0.0,0.0,100.0,,0.0,650.027110222247,820.7453769840595,508.44174229905786,,3.6594027380382057,1.4533024767100824e-23,0.9261527429247799,0.3439295415657964,125.33120486222279,15707.91091221646,1.0095027276891009,numeric
CMLG_av,0.825784503346197,0.009245495120690868,0.006555248732988588,0.09615349770388422,0.08096449056832623,40.177918649035625,,-0.18708001810145314,3.331496333864177,,1.5423896808879332,1.521746171210896,-0.085039705359199,,,,,,,1173,0,1.0,1172.0,1173,,0.0,0.002965220857021885,11.641607522544364,100.0,0.0,0.08525149190110827,99.9147485080989,,0.0,1.112500000339935,1.938284503686132,3.4165360392233763,,0.018093914759255206,0.00013800453744590443,0.9941014191639683,0.22454651626016664,0.619700071238274,0.3840281782927218,1.0065985035651235,numeric
Cape_av,55.31399999999631,0.06507276018799313,0.03461368337028813,-0.25509363023798365,-0.1860475298688164,225.0077870040676,,9.181210223175386,1272.1249999999118,,92.35172457861395,0.007497391186076,0.0,,,,,,,1173,0,0.0,608.0,1173,,565.0,8.843848205196048e-161,737.0729557455701,100.0,0.0,0.0,51.83290707587383,,48.16709292412617,0.0,55.31399999999631,1272.1249999999118,,6.0672732158071625,1.1192371190052733e-48,0.5172293260686301,2.9573366723348946,207.79857173443085,43180.246414869405,1.035854748274379,numeric
Cin_av,264.13642130316583,0.00011260079767155798,0.0019440490058547357,0.010611352301736003,0.04409137110427318,-84.0116205163464,,-0.41026271962690863,0.949929045741075,,-205.59228575589938,-173.92586847626166,-609.6072793043791,,,,,,,44,1129,42.0,2.0,1173,,0.0,0.17260335493923462,3.5135181257336487,3.751065643648764,96.24893435635123,3.580562659846547,0.17050298380221654,,0.0,-316.58116986923926,-52.444748566073415,610.5572083501202,,26.03873242194821,0.006098821020005733,0.9231993846840365,-0.646279099191575,172.72141092012868,29832.685790239942,1.0019478356938991,numeric
CircVar,0.025823097633212,0.07268155125419208,0.025858820278050736,-0.2695951617781597,-0.16080677932864254,257.109870786058,,19.462380652248033,0.980876704426536,,0.04704271603802222,0.004229451381102,2.129e-12,,,,,,,1061,112,0.0,1061.0,1173,,0.0,2.6840232301157847e-201,923.664573635391,90.45183290707587,9.548167092924126,0.0,90.45183290707587,,0.0,0.000737528752296,0.026560626385508,0.980876704424407,,0.003713243642655477,1.7307738035849686e-49,0.42998368871807213,4.123514946539891,0.12095146641961112,0.014629257229054317,1.0265452491038636,numeric
DC_12h_av,371.4988075057955,0.08832141475887688,0.09277279009527348,0.29718919017837253,0.30458626051625093,38.10759814273376,,-0.9399602217137399,1170.8256889614715,,699.7660377282801,750.4289998974577,78.04291462852517,,,,,,,1173,0,0.0,1173.0,1173,,0.0,9.394661347844232e-45,202.75237519702958,100.0,0.0,0.0,100.0,,0.0,511.5918981667254,883.0907056725209,1092.7827743329465,,7.786018502859313,2.274938641955864e-21,0.9399808326483701,-0.2793721486142435,266.6640295968237,71109.70468081567,1.1022597085740145,numeric
EL_m_av,1.7947257789370115,0.021538454089674624,0.012872364118278374,0.14675985176360265,0.11345644150191903,20.229397898031387,,5.885752448371118,9.119883581265432,,6.993981868648078,7.243730661372969,0.966608020109841,,,,,,,134,1039,0.0,134.0,1173,,0.0,3.049697984535322e-15,66.84746766131629,11.423699914748509,88.57630008525149,0.0,11.423699914748509,,0.0,6.150916049673412,7.945641828610423,8.15327556115559,,0.12222359670461141,2.1310490896422444e-10,0.848870719444013,-1.8652841877920212,1.4148404211249905,2.0017734172491406,1.0130402226119224,numeric
FFMC_12h_a,2.939802292162611,0.009646116975965418,0.0014368221005635186,0.09821464746139151,0.03790543629301104,2.7804245935954377,,6.539561128563923,98.64789748792484,,93.30363394855738,93.83995651831113,75.20362339659026,,,,,,,1173,0,0.0,1173.0,1173,,0.0,1.1441311983913942e-104,478.66840820218056,100.0,0.0,0.0,100.0,,0.0,92.06073421003376,95.00053650219637,23.444274091334577,,0.07574616926752814,4.9554786757562474e-29,0.8811911391904943,-1.8091176980564494,2.594237185023951,6.730066572160993,1.0014388895288389,numeric
FWI_12h_av,17.30243978266492,0.10875441759478331,0.10285312957196112,0.3297793468287293,0.32070723342631535,25.98327494834125,,0.024840310297958634,87.28842620925589,,47.67074235267008,45.487479062776146,8.397225001543923,,,,,,,1173,0,0.0,1173.0,1173,,0.0,6.968858059618195e-09,37.56362892418663,100.0,0.0,0.0,100.0,,0.0,39.02549526983593,56.32793505250085,78.89120120771196,,0.3616569354382687,3.9242041461357795e-12,0.9786639320273437,0.4563473254446636,12.386420055409628,153.42340178905386,1.1146446952692246,numeric
HDW_av,25964.2559821966,0.14704255790501694,0.08245133719657706,0.3834612860576892,0.28714340876394334,70.69249088312817,,1.1138663358182646,111052.2734375,,27278.45279946575,23623.10383585946,513.4370825102054,,,,,,,1173,0,0.0,1173.0,1173,,0.0,3.7579424290037807e-39,176.95389409095546,100.0,0.0,0.0,100.0,,0.0,11806.58251953125,37770.83850172785,110538.83635498979,,563.0461749905273,1.026534938040809e-23,0.9251208490918759,1.0386069056690486,19283.81775832075,371865627.33612674,1.0898604515913741,numeric
Haines_av,0.0,0.0017072638950321676,0.002298166216581015,0.04131905002577101,0.047939192907067336,9.68619460354987,,21.795970314095303,4.0,,3.924978687127025,4.0,2.0,,,,,,,1173,0,0.0,1173.0,1173,,0.0,8.841967202536262e-248,1137.7231873528146,100.0,0.0,0.0,100.0,,0.0,4.0,4.0,2.0,,0.011100473053627274,2.2985251604326774e-57,0.1851650060220713,-4.8743010155208895,0.38018107378298044,0.14453764886278,1.0023034599504204,numeric
HigCC_p_av,55.1950073242172,0.003112266400764197,0.0056908934803351,0.05578769040535911,0.0754380108455618,130.73304610876505,,-0.7640390900051912,100.0,,27.355975868137605,5.1626889654152,0.0,,,,,,,1173,0,0.0,753.0,1173,,420.0,1.3814135025911268e-46,211.1916140510621,100.0,0.0,0.0,64.19437340153452,,35.80562659846547,0.0,55.1950073242172,100.0,,1.0442117753534592,2.357515608843656e-39,0.7400301210271065,0.9464605341350624,35.76330054519498,1279.0136658859437,1.0057234651106182,numeric
LCL_hPa_av,128.19097514528357,0.08092458366006892,0.0338779359350884,-0.2844724655569831,-0.18405959886702025,10.575350138495347,,-0.8362273664170159,962.3036966231905,,763.7366942280007,761.7442484708453,560.1552147888625,,,,,,,1173,0,0.0,1173.0,1173,,0.0,7.03262574063295e-26,115.83330455337914,100.0,0.0,0.0,100.0,,0.0,699.0835324189856,827.2745075642691,402.148481834328,,2.358247628182005,2.2453268266897468e-10,0.9832646557114129,0.08435059204527096,80.76782955078066,6523.442290343957,1.0350658961172552,numeric
LCL_m_av,1.338971950901346,0.0794111406183137,0.03316902009185387,0.2817998236662218,0.18212363957447664,35.860661695917464,,-0.8370690814283512,4.725344143970403,,2.3608811517298793,2.347148465415322,0.434984502893436,,,,,,,1173,0,0.0,1173.0,1173,,0.0,8.088419467700295e-26,115.55355814900398,100.0,0.0,0.0,100.0,,0.0,1.682557918955637,3.021529869856983,4.290359641076967,,0.024719712632037677,4.328622203407743e-10,0.983945763981016,0.05817875372396396,0.8466276028645319,0.7167782979321434,1.0343069479372755,numeric
LFC_hPa_av,331.37601712772414,0.011000845537864082,0.0036066643834521293,0.10488491568316238,0.06005551084998053,22.26749114132392,,-1.4501668932795602,950.0000000000002,,733.1358855218627,695.4767168732471,309.62069683652624,,,,,,,687,486,0.0,687.0,1173,,0.0,0.0,7053.432207146937,58.567774936061376,41.432225063938624,0.0,58.567774936061376,,0.0,583.6463500636679,915.022367191392,640.379303163474,,6.228412929042828,6.67253685110272e-22,0.8879873058627759,0.0036419217163584585,163.25096836244745,26650.87867127682,1.0036197194968395,numeric
LiftIdx_av,7.436988055345326,0.03830286317401242,0.02026039398606517,-0.19571117283898848,-0.1423390107667788,33.513638153401516,,-0.4662099861834754,30.573391393089423,,15.180728749103778,15.414597018697279,5.11129438953879,,,,,,,1173,0,0.0,1173.0,1173,,0.0,6.6506964749505135e-06,23.84157795141074,100.0,0.0,0.0,100.0,,0.0,11.159206457054589,18.596194512399915,25.46209700355063,,0.14854744641812143,2.972430662043836e-09,0.9858465647428168,0.17195994972127338,5.087614502024036,25.883821321205282,1.0206793660904396,numeric
LowCC_p_av,0.0,0.028868826324170656,0.010880830244101792,-0.16990828797963523,-0.10431121820831062,450.14078796943437,,51.824163786821245,91.0256958007788,,1.7131784783505448,0.0,0.0,,,,,,,1173,0,0.0,293.0,1173,,880.0,0.0,1468.741191938239,100.0,0.0,0.0,24.978687127024724,,75.02131287297527,0.0,0.0,91.0256958007788,,0.2251655634317891,2.444765340740145e-56,0.23233189179202207,6.741132695475564,7.711715101769907,59.470549810866046,1.0110005250902043,numeric
MidCC_p_av,5.3948245323823,0.0010910596779889281,0.0014517393205489592,-0.033031192500255394,-0.03810169708226865,198.20629244668282,,9.308219809629199,88.80126953125081,,5.664616938988115,0.1046539805966,0.0,,,,,,,1173,0,0.0,634.0,1173,,539.0,1.0820048881939932e-155,713.6437474318473,100.0,0.0,0.0,54.049445865302644,,45.950554134697356,0.0,5.3948245323823,88.80126953125081,,0.3278226665206327,1.4607480773608756e-46,0.5780454595870299,2.814827127420944,11.227627216075117,126.05961290315068,1.001453849931661,numeric
Recirc,0.024914463816689,0.08660244475495006,0.02967600835783423,-0.2942829331696795,-0.17226725851952898,247.3211364204532,,19.006633190485196,0.777143968715042,,0.03912095116548459,0.004100519713509,2.129e-12,,,,,,,1061,112,0.0,1061.0,1173,,0.0,6.172933941265049e-200,917.393688713383,90.45183290707587,9.548167092924126,0.0,90.45183290707587,,0.0,0.000726125126684,0.025640588943373,0.777143968712913,,0.0029703863937002592,4.193014749592766e-49,0.44356692893097804,4.096948087785877,0.09675438100096702,0.009361410242880288,1.0305836077572512,numeric
TotCC_p_av,61.627992010293795,0.0018684360904051,0.004486713836665506,0.04322541023987048,0.06698293690683849,118.08102088131677,,-0.9482724821401454,100.0,,30.252008405601114,11.0657755533853,0.0,,,,,,,1173,0,0.0,909.0,1173,,264.0,1.170153704573212e-65,299.02179186600335,100.0,0.0,0.0,77.49360613810742,,22.506393861892583,0.032958984375,61.660950994668795,100.0,,1.0430023947337923,7.281669516156739e-37,0.782403185742055,0.8193399471460762,35.721880362435556,1276.052736628159,1.0045069351650315,numeric
VPD_Pa_av,1929.147908528646,0.06725518403886771,0.021948939416613324,0.25933604461946225,0.14815174456149116,52.70955542104146,,-0.4128388508714411,6363.11962890625,,2343.0657594826484,2112.751413440433,156.32652624161378,,,,,,,1173,0,0.0,1173.0,1173,,0.0,1.0590529307339087e-14,64.35763250947828,100.0,0.0,0.0,100.0,,0.0,1340.5792236328125,3269.7271321614585,6206.7931026646365,,36.05992545623489,2.95257850215202e-17,0.9606464995979502,0.5424784165155406,1235.0195450459526,1525273.2766455119,1.0224415066873107,numeric
VentIdx_av,7870.12643218059,0.02998083829522379,0.03853528800935142,0.17314975684425257,0.19630407028218091,58.06660043843891,,2.720590568128901,40924.2325947133,,11798.006942453392,10917.499935128997,233.24182629585266,,,,,,,1173,0,0.0,1173.0,1173,,0.0,4.3695715002847414e-67,305.597072562312,100.0,0.0,0.0,100.0,,0.0,6940.813633564412,14810.940065745002,40690.99076841745,,200.02581193306742,5.004134648453155e-27,0.8995950782219085,1.396902443540063,6850.701550973695,46932111.740513384,1.0400797736295144,numeric
aspect_av,141.1733461403629,0.012218208016279352,0.02395561574071788,0.11053600325812107,0.154776017976681,46.644236617362004,,-0.8533112211478127,359.91222728737273,,195.53928318689776,195.75379239759496,0.218631845271705,,,,,,,1173,0,0.0,1173.0,1173,,0.0,7.93013026913558e-30,134.013766653856,100.0,0.0,0.0,100.0,,0.0,130.67786662815823,271.8512127685211,359.693595442101,,2.663072577305151,2.760948525952745e-14,0.9719976467486797,-0.22792062232176327,91.20780592959015,8318.863862489781,1.0245435721234109,numeric
d_2m_C_av,5.987646811005724,0.08722806615639817,0.07103225103850114,-0.2953439793806506,-0.2665187630139783,41.65517728527768,,0.0677926448313011,19.097625732421875,,10.347430481576989,10.93052812056108,-3.819231616849107,,,,,,,1173,0,27.0,1146.0,1173,,0.0,4.004261581424712e-14,61.69766422514285,100.0,0.0,2.3017902813299234,97.69820971867009,,0.0,7.394915075640269,13.382561886645993,22.916857349270984,,0.12584979093584966,2.7804081335488923e-14,0.9720079635614399,-0.6011001268131622,4.310240511571757,18.57817326759436,1.0764636351669998,numeric
dfmc_av,4.494618715607171,0.11986294444248995,0.05284344127506077,-0.34621228233915957,-0.22987701336815033,32.25564755506902,,-0.1610420663037293,20.039654417426753,,9.927343066081454,9.298260867595673,4.156029567122459,,,,,,,1173,0,0.0,1173.0,1173,,0.0,5.57268966726776e-20,88.66764807576952,100.0,0.0,0.0,100.0,,0.0,7.35731547144813,11.851934187055301,15.883624850304294,,0.09349530213275066,1.4985291647540402e-20,0.9446095512087134,0.7392443473850063,3.2021287909778158,10.253628794009048,1.0557916648396528,numeric
duration_p,4.166667,0.18326479565386503,0.09888765677068008,-0.4280943770407,-0.3144640786650839,105.24686976033277,,1.2947314687490623,23.0,,3.6914606479113385,1.5,0.166667,,,,,,,1173,0,0.0,1173.0,1173,,0.0,6.321747766167227e-60,272.62221972887187,100.0,0.0,0.0,100.0,,0.0,1.0,5.166667,22.833333,,0.11343796448269367,1.6610080534158245e-38,0.7551488778758757,1.4546085095144097,3.885146780361183,15.094365504950865,1.1097395430366608,numeric
elev_av,387.9568766801262,0.023413530102812163,0.03187704510586025,-0.1530148035413965,-0.17854143806371744,52.44014880806489,,-0.13256464940714974,1484.5377650176679,,492.49796421484916,488.13427083333335,19.91985743178934,,,,,,,1173,0,0.0,1173.0,1173,,0.0,1.9802679561201888e-05,21.65938659609283,100.0,0.0,0.0,100.0,,0.0,285.22513398486757,673.1820106649938,1464.6179075858786,,7.540833451827645,1.0361804283391804e-10,0.9824396380971473,0.3329100648642066,258.2666653109571,66701.6704108419,1.0329266493937703,numeric
enddoy,58.68750000000003,0.06641405861990236,0.09226929504942308,0.2577092521038047,0.3037586131279623,17.23008743026494,,-0.9735662443063022,290.083333,,227.4752889028133,226.625,149.739583,,,,,,,1173,0,0.0,1173.0,1173,,0.0,5.415710113183928e-49,222.27473109336873,100.0,0.0,0.0,100.0,,0.0,200.104167,258.791667,140.34374999999997,,1.1443864327683453,1.7773950797703288e-23,0.926745348200182,0.030713678517599083,39.19419116020249,1536.1846207024953,1.1016483132565698,numeric
f_load_av,4.868855106197259,0.00015484480914024128,0.00030451006827144766,0.012443665422223521,-0.01745021685456796,19.040723396201457,,1.1598182541724844,34.67,,19.204500305426812,18.77846153846154,2.216666666666667,,,,,,,1173,0,0.0,1173.0,1173,,0.0,8.681626561709268e-09,37.12411386785566,100.0,0.0,0.0,100.0,,0.0,16.699002036659884,21.567857142857143,32.45333333333333,,0.10676710070991087,3.237238877781641e-11,0.981151225983392,0.19968906589148913,3.6566757827789838,13.371277780362293,1.000304602822898,numeric
f_start,1950.0,0.06671533525033456,0.03515322643974356,-0.2582931188598228,-0.1874919369992842,133.7571390816984,,9.522017597436465,15300.0,,1590.8397271952258,840.0,0.0,,,,,,,1173,0,0.0,1016.0,1173,,157.0,5.03970200296722e-148,678.3304936183579,100.0,0.0,0.0,86.61551577152599,,13.384484228473998,180.0,2130.0,15300.0,,62.12900421238397,2.09127762800285e-40,0.7202273224707068,2.6043304658320277,2127.8617064714294,4527795.441867503,1.0364339990587617,numeric
fuel_model,,,0.01107075883008492,,0.10521767356335589,,2.4401874825730707,,,3.700439718141092,,,,233.0,223.0,319.0,27.195225916453538,403.0,34.35635123614663,1173,0,,,1173,13.0,,,,100.0,0.0,,,1.1082693947144073,,,,,0.6594317617471941,,,,,,,1.0111946925717235,categorical
gT_5_3_av,0.6450943923786783,0.03417452532749124,0.0499355314291486,0.18486353163209676,0.22346259514547082,-6.411799875066563,,-0.007736988504005726,-5.637933872421527,,-7.618042419885799,-7.647766654758394,-8.748665793179219,,,,,,,1173,0,1173.0,0.0,1173,,0.0,1.7078493356354574e-06,26.560551354949958,100.0,0.0,100.0,0.0,,0.0,-7.960445058210535,-7.315350665831857,3.110731920757692,,0.014261799916065689,1.9933022403804907e-11,0.98059705328502,0.3789410264778828,0.48845363436075534,0.2385869529202305,1.0525601504751199,numeric
gT_7_5_av,1.2548084816036358,0.0031279141949151807,0.0024203399240103726,0.05592775871528539,0.04919695035274415,-12.498546697236842,,0.06212186591683766,-3.875418979267315,,-7.129075687182755,-7.106328067434074,-9.928279698771762,,,,,,,1173,0,1173.0,0.0,1173,,0.0,0.27230230099104014,2.6016848582646457,100.0,0.0,100.0,0.0,,0.0,-7.796485449809621,-6.541676968205985,6.052860719504447,,0.026016192454363683,0.0005326048589699951,0.9949031691661685,-0.10956488069969929,0.8910308538438949,0.7939359825017803,1.0024262121822192,numeric
gT_8_7_av,2.3734372286631675,0.010511336420587238,0.0267604430009111,-0.10252480880541665,-0.16358619440805847,-21.036524722071384,,-0.1491110856458957,-1.108163674696976,,-7.457136534569363,-7.566931343423891,-10.50444583809944,,,,,,,1173,0,1173.0,0.0,1173,,0.0,2.968408934008095e-12,53.08599003822862,100.0,0.0,100.0,0.0,,0.0,-8.8148693728144,-6.441432144151232,9.396282163402462,,0.04580333321379246,1.5464389501859293e-15,0.967540324337178,0.546564446212165,1.5687223706533013,2.4608898761881135,1.0274962549646305,numeric
gT_9_8_av,4.355242578318052,0.040962153785940564,0.023451122796940397,-0.202391091172365,-0.15313759432921883,-43.980468844444175,,0.14049036495861467,3.733216701720574,,-6.684344871560589,-7.046532343708478,-11.005256550335062,,,,,,,1173,0,1136.0,37.0,1173,,0.0,4.595320477064205e-23,102.86883728150191,100.0,0.0,96.845694799659,3.154305200341006,,0.0,-9.210517672458156,-4.855275094140104,14.738473252055636,,0.0858360447385162,2.006032261135861e-22,0.9336028171551977,0.8124222559135373,2.939806213691907,8.642460574061547,1.024014284737193,numeric
gT_s_9_av,14.91472426708803,0.014801414259844213,9.963280041627674e-07,-0.12166106303926583,0.000998162313535613,-419.50550185947594,,3.265236877807416,80.6936222205114,,-3.3592891727276366,-4.035377467788114,-45.92247201271455,,,,,,,493,680,325.0,168.0,1173,,0.0,8.601792471548837e-20,87.79946250283008,42.028985507246375,57.971014492753625,27.706734867860188,14.322250639386189,,0.0,-12.096462247015646,2.818262020072384,126.61609423322595,,0.6346899062040869,4.84740110384657e-11,0.9554731361131101,0.830045508060335,14.09240290296211,198.5958195794149,1.0000009963289969,numeric
gp_300_av,1050.8296776237548,0.0029979667998337053,0.023240320544867892,-0.05475369211143396,-0.152447763331798,0.7829054408676102,,-0.5908706783512234,96068.796875,,94165.61054837763,94176.45360960017,92023.05462990454,,,,,,,1173,0,0.0,1173.0,1173,,0.0,1.929356420555904e-08,35.526988514995736,100.0,0.0,0.0,100.0,,0.0,93641.73828125,94692.56795887375,4045.742245095462,,21.525469451034542,1.9686294966299407e-11,0.9805826847839462,0.023949399368193472,737.2276884094528,543504.6645575451,1.0237932840940283,numeric
gp_500_av,701.5669520739757,0.0032575727799054187,0.01564414369120997,-0.05707515028368667,-0.1250765513244188,0.8383684210986966,,0.0025551298614883144,58663.50434027778,,57542.6244160315,57563.32421875,55771.2734375,,,,,,,1173,0,0.0,1173.0,1173,,0.0,0.002176596627971347,12.259985603843718,100.0,0.0,0.0,100.0,,0.0,57202.397891676024,57903.96484375,2892.230902777781,,14.085607117603999,8.068401054015634e-09,0.9867759491911916,-0.2528938482658139,482.4191917754364,232728.27659326527,1.0158927725079765,numeric
gp_700_av,330.7736545138905,8.851815818246484e-05,0.00015580948926915676,0.009408408908123883,-0.012482367134047804,1.07435401407377,,1.4563777522435322,32080.28378151526,,31230.91746267196,31242.5859375,29837.3232421875,,,,,,,1173,0,0.0,1173.0,1173,,0.0,1.8882998349252903e-27,123.06824128970717,100.0,0.0,0.0,100.0,,0.0,31080.22634548611,31411.0,2242.9605393277598,,9.796775304377979,3.2991182488061645e-19,0.9516261994173701,-0.7205754970061469,335.5306153922822,112580.79386552358,1.0001558337696492,numeric
gp_850_av,235.85307705640844,0.005448324370890485,0.00629508721923417,0.07381276563637543,0.07934158568641145,1.5477163155560936,,1.4022649928613227,15831.883046262097,,15176.91545776415,15197.90087890625,14310.8076171875,,,,,,,1173,0,0.0,1173.0,1173,,0.0,6.380965992068825e-28,125.2381262170453,100.0,0.0,0.0,100.0,,0.0,15071.5830078125,15307.436084868908,1521.0754290745972,,6.858448307434572,1.2594758374785582e-18,0.9544558036417392,-0.7410632273716753,234.89559673797052,55175.94136688727,1.0063349663851597,numeric
gp_950_av,351.7631542670633,0.0038946506708451892,0.0075296277954195944,0.062407136377542506,0.08677342793401442,4.012410617976645,,-0.3945633842149179,6396.842860245257,,5687.662930075153,5692.800812635393,5051.541748046875,,,,,,,1173,0,0.0,1173.0,1173,,0.0,0.00011896322820742601,18.07339223853085,100.0,0.0,0.0,100.0,,0.0,5518.260823567708,5870.023977834771,1345.3011121983818,,6.66331302386006,1.1025812154145907e-07,0.9890392338687655,-0.18181369002326203,228.212391321057,52080.895552475245,1.007586753223367,numeric
gp_m2s2_av,3343.98583984375,0.02725235923422665,0.031528584876475634,-0.16508288595195642,-0.1775629039987678,46.809813230999794,,-0.5232105759330561,10470.050944965076,,4640.907003232769,5082.799146305314,178.6612227338557,,,,,,,1173,0,0.0,1173.0,1173,,0.0,1.4090119909030253e-06,26.945243629723564,100.0,0.0,0.0,100.0,,0.0,2785.91162109375,6129.8974609375,10291.38972223122,,63.42942408089499,1.4449632065784874e-12,0.9774158902574525,-0.10269000228282552,2172.3999004376487,4719321.327421507,1.0325549978906237,numeric
inidoy,58.91666699999999,0.06738737901443577,0.09314139683502774,0.25959079146694664,0.3051907548321668,17.23421310592656,,-0.9726316539590854,289.875,,227.32147804688836,226.447917,149.684028,,,,,,,1173,0,0.0,1173.0,1173,,0.0,8.821913331280033e-49,221.29886155846307,100.0,0.0,0.0,100.0,,0.0,199.770833,258.6875,140.190972,,1.1438864720607747,1.6972013851427158e-23,0.9266097589091518,0.03592318575189918,39.1770679621428,1534.842654110356,1.102707739122682,numeric
land_use,,,0.011574385338760217,,0.10758431734579263,,1.9078147479663552,,,3.0,,,,7.0,4.0,369.0,34.71307619943556,385.0,36.21825023518344,1063,110,,,1173,8.0,,,,90.62233589087809,9.377664109121909,,,0.7525870178739417,,,,,0.6359382493221184,,,,,,,1.0117099204705728,categorical
landform,,,0.03807141385617967,,0.19511897359349673,,1.9687522745656996,,,3.4594316186372973,,,,22.0,21.0,383.0,32.67918088737201,529.0,45.136518771331055,1172,1,,,1173,11.0,,,,99.9147485080989,0.08525149190110827,,,0.938566552901024,,,,,0.5690970343102806,,,,,,,1.0395782123585706,categorical
rh_2m_av,25.44606415683671,0.12596810580655982,0.06076372393577289,-0.35491985828713474,-0.2465029897096035,42.032992934428876,,-0.49314324707851487,90.8309130752217,,40.26982553012383,37.19522476196289,8.870394388834635,,,,,,,1173,0,0.0,1173.0,1173,,0.0,1.602732964215843e-16,72.73930242634466,100.0,0.0,0.0,100.0,,0.0,26.851553579113602,52.29761773595031,81.96051868638706,,0.4942208425464514,2.0839000641021754e-17,0.9599941814284662,0.5448269094537205,16.926612919783786,286.5102249361914,1.0646948222553723,numeric
rh_300_av,54.125894024887145,0.0002831009854143349,2.979520245335263e-05,-0.01682560505343968,-0.005458498186621722,62.85519039798611,,-1.1474803957507451,112.72346919762705,,51.098335639594474,40.668412334580424,4.206678757450493,,,,,,,1173,0,0.0,1173.0,1173,,0.0,1.7195536424039744e-140,643.6396965444998,100.0,0.0,0.0,100.0,,0.0,24.890230178833008,79.01612420372015,108.51679044017656,,0.9377755270794544,3.485373473846394e-27,0.8982381293239344,0.49717717189182975,32.1179561564691,1031.5631076688712,1.000029796090234,numeric
rh_500_av,38.92317873013381,0.006159821074184498,0.013446868487637865,0.07848452761012516,0.11596063335303868,66.32223054354854,,-0.9237839005076012,102.00131225585938,,34.34764154962082,29.857587004054423,1.490609636901234,,,,,,,1173,0,0.0,1173.0,1173,,0.0,4.369982068508769e-47,213.49348092987427,100.0,0.0,0.0,100.0,,0.0,14.25676679611206,53.179945526245874,100.51070261895813,,0.6651307706287858,1.9704428305597627e-22,0.9335540051839806,0.471884292556677,22.780122014811187,518.9339590096853,1.0136301513401758,numeric
rh_700_av,33.34804344177246,0.004833969166204836,0.01861011144902025,0.06952675144291466,0.1364188823038081,52.49224176099392,,-0.9932377924296762,88.2264175415039,,36.472619757812474,38.322410583496094,1.451187412305979,,,,,,,1173,0,0.0,1173.0,1173,,0.0,3.8385105220789864e-54,245.9890212304018,100.0,0.0,0.0,100.0,,0.0,19.918668746948242,53.2667121887207,86.77523012919792,,0.559001628747889,7.671418239732337e-16,0.9663865625589223,0.05018148432388045,19.145295739838957,366.5423489658957,1.0189630152767297,numeric
rh_850_av,15.02341379470814,0.009277365802699623,0.00684156169449295,-0.09631908327377095,-0.08271373340922866,40.66218875500518,,1.417412642505865,91.79361915588379,,34.4348099849595,32.81348514556885,1.32502555847168,,,,,,,1173,0,0.0,1173.0,1173,,0.0,2.5031851496016156e-32,145.53031799004037,100.0,0.0,0.0,100.0,,0.0,26.008423462655074,41.031837257363215,90.46859359741211,,0.4088268746190258,1.602602134519688e-17,0.9594974827350546,0.8398530324502371,14.001947433511605,196.0545319308222,1.0068886910996455,numeric
rh_950_av,22.32283280938856,0.07732938866530226,0.0486792242271795,-0.27808162230773587,-0.22063368787920737,43.84254138367301,,0.3805999646170011,96.35831832885742,,37.74588716794159,33.17521438988688,2.084650099277496,,,,,,,1173,0,0.0,1173.0,1173,,0.0,2.3665473111953954e-25,113.40639052526596,100.0,0.0,0.0,100.0,,0.0,25.607685988511275,47.930518797899836,94.27366822957993,,0.48318823571650493,2.9087331077461416e-20,0.9461736717927645,0.8421443499386684,16.54875620223931,273.861331841154,1.0511701473014023,numeric
ros_p,879.2492829999999,,,,,122.23422146351739,,10.622502928641635,8949.2005,,900.9150283921571,518.151192,16.983145,,,,,,,1173,0,0.0,1173.0,1173,,0.0,1.0997975064594625e-160,736.6369776024511,100.0,0.0,0.0,100.0,,0.0,228.811684,1108.060967,8932.217355,,32.15345426239593,7.037961181759837e-42,0.690453418568099,2.8532815194550576,1101.22647100298,1212699.740437677,,numeric
ros_p_lg1,964.26236425,0.3106228774273715,0.39537969962185593,0.5573355160290536,0.6287922547406702,118.96945349589538,,8.541070362692203,8949.2005,,996.9687751792684,598.2827755000001,4.178756,,,,,,,820,353,0.0,820.0,1173,,0.0,5.144274747217973e-103,471.0567603633534,69.90622335890878,30.093776641091218,0.0,69.90622335890878,,0.0,250.82609374999998,1215.088458,8945.021744000001,,41.42000022607087,3.302258007752408e-35,0.7129216764147333,2.603442611093498,1186.0883033554976,1406805.4633567228,1.65393057324502,numeric
sP_hPa_av,33.90462961089452,0.021574301076400574,0.025659152635519704,0.14688192903281388,0.1601847453271369,2.500680074959209,,-0.48938686461880865,1015.6583251953125,,963.3205006589966,959.9695157382495,897.1081352462279,,,,,,,1173,0,0.0,1173.0,1173,,0.0,1.7800588795185543e-05,21.872558045664203,100.0,0.0,0.0,100.0,,0.0,948.0557324470022,981.9603620578968,118.5501899490846,,0.7033636666188438,9.352378889056852e-10,0.9847231571474454,0.07897167085479133,24.089563817976824,580.3070849403782,1.0263348834290646,numeric
sW_100_av,0.04610699706357402,0.055555738812643335,0.05864313159677615,-0.23570264914218367,-0.24216343984337552,21.124366954164408,,2.686355855670433,0.326297742128372,,0.2084319692622087,0.216590428352339,0.045954817393783,,,,,,,1173,0,0.0,1173.0,1173,,0.0,1.3245593830118536e-71,326.4049234791325,100.0,0.0,0.0,100.0,,0.0,0.193055509197934,0.239162506261508,0.280342924734589,,0.001285579767200132,1.5718107174850633e-30,0.8657918527064038,-1.4986313296717324,0.04402993403674013,0.0019386350912796871,1.0622963868062594,numeric
sW_1m_av,0.040683315189813996,0.0506537853105194,0.05611072117305254,-0.22506395826635459,-0.23687701697938646,21.139959182984448,,2.9296579993293914,0.313479434937238,,0.1888544557196592,0.197161206944479,0.039740502104658,,,,,,,1173,0,0.0,1173.0,1173,,0.0,3.563443816213038e-74,338.2411388803716,100.0,0.0,0.0,100.0,,0.0,0.175636318428927,0.216319633618741,0.27373893283258,,0.0011656881300032339,2.678227090244094e-31,0.8573106291905618,-1.5213573028986465,0.039923754854383396,0.0015939062016729019,1.059446295695599,numeric
sW_289_av,0.05335291853402396,0.04510072350295591,0.04852935367643942,-0.21236930923030264,-0.2202937894640687,21.871164787354385,,2.3426277198635077,0.38857421875,,0.2824623480834893,0.300227333893579,0.050128214242183,,,,,,,1173,0,0.0,1173.0,1173,,0.0,9.994417873172153e-76,345.38888068618985,100.0,0.0,0.0,100.0,,0.0,0.269779242031279,0.323132160565303,0.338446004507817,,0.001803779603439485,1.4458587861540088e-34,0.8163974511513976,-1.6365832945740912,0.06177780561157049,0.00381649726618099,1.0510045726202428,numeric
sW_28_av,0.02621633091994699,0.030316207226981907,0.04041974386358344,-0.1741154996747329,-0.20104662111953894,21.575404679945926,,3.7561269113315543,0.292911303043364,,0.14949112530619696,0.157223242521286,0.027241941680674,,,,,,,1173,0,0.0,1173.0,1173,,0.0,1.5920743814191213e-77,353.6680287044277,100.0,0.0,0.0,100.0,,0.0,0.143226301670074,0.169442632590021,0.26566936136269,,0.0009417277225543084,9.690886147607693e-34,0.8275245904582449,-1.490694002385838,0.032253315245417045,0.0010402763443202515,1.0421223171330416,numeric
sW_3m_av,0.05016569285346803,0.04811197221439559,0.052173134287264944,-0.21934441459584875,-0.228414391594017,21.310382240955004,,2.570861978425939,0.362589864489529,,0.2500720739091536,0.264613142227732,0.048838862116086,,,,,,,1173,0,0.0,1173.0,1173,,0.0,3.852589194474306e-77,351.9006134404709,100.0,0.0,0.0,100.0,,0.0,0.238107214996972,0.28827290785044,0.313751002373443,,0.001555992249570583,5.4952377729274524e-34,0.8242644397534689,-1.6347936908332519,0.05329131482792414,0.002839964236088927,1.055045004709834,numeric
sW_7_av,0.04273162767291801,0.022241772028563686,0.03490442627971045,-0.1491367561286073,-0.18682726321313614,30.298527578765423,,0.774070007031709,0.243338385224339,,0.10557573623667953,0.105846905708315,0.011450594873789,,,,,,,1173,0,0.0,1173.0,1173,,0.0,5.1363118141535965e-05,19.753180377893862,100.0,0.0,0.0,100.0,,0.0,0.086291510760777,0.129023138433695,0.23188779035055002,,0.0009339779778450764,4.9180909433265746e-08,0.9883660083696572,-0.12490521709963713,0.03198789356015499,0.0010232253344158052,1.0361668079619923,numeric
t_2m_C_av,8.775555744880368,0.034033105663318575,0.006072229981251157,0.18448063763798783,0.07792451463596778,20.73820420921785,,-0.8958844906575303,39.105133056640625,,26.55228605343356,26.07297307794744,13.845199272308935,,,,,,,1173,0,0.0,1173.0,1173,,0.0,6.207937833207246e-34,152.92412878589514,100.0,0.0,0.0,100.0,,0.0,22.213165283203125,30.988721028083493,25.25993378433169,,0.16077705110424567,1.8613141885197495e-11,0.98051793434921,0.07648453577079706,5.506467303976723,30.321182169764672,1.0061093272211687,numeric
t_300_av,2.658829580237132,0.0030213639537701805,0.0017865239657322673,0.05496693509529325,-0.04226729191386961,-5.516065406881288,,0.23574565620335264,-30.740020751953125,,-37.27046687180405,-37.62540197993344,-43.59547180024127,,,,,,,1173,0,1173.0,0.0,1173,,0.0,3.374017734958344e-09,39.01432319295307,100.0,0.0,100.0,0.0,,0.0,-38.705109487463695,-36.04627990722656,12.855451048288145,,0.06002680583391802,1.4243031884419058e-11,0.980206920035268,0.45010540990597214,2.0558633300987337,4.226574032044654,1.0017897213458087,numeric
t_500_av,3.8183736850100267,0.006337595956687046,0.032607857267694884,-0.07960901931745577,-0.18057645823222607,-26.657554708025895,,-0.5812783231029552,-2.347038107893145,,-9.940024969820424,-9.816403700630364,-15.33353968097503,,,,,,,1173,0,1173.0,0.0,1173,,0.0,4.252499782277155e-08,33.94634749972655,100.0,0.0,100.0,0.0,,0.0,-11.710367746817516,-7.891994061807489,12.986501573081885,,0.07736753827974294,3.004403011758175e-13,0.9753584495909751,-0.03324179785401189,2.649767594321314,7.021268303915364,1.0337069693119454,numeric
t_700_av,3.673507095931412,0.015003990916941646,0.045680214243700085,-0.12249077890576762,-0.2137293013222569,33.234308399821764,,-0.2847482452180303,16.258270263671875,,8.316656692946118,8.85491943359375,0.242111206054688,,,,,,,1173,0,0.0,1173.0,1173,,0.0,0.0036010826555985796,11.253041482132616,100.0,0.0,0.0,100.0,,0.0,6.453005704012784,10.126512799944196,16.016159057617188,,0.08070239323910709,2.6379585181449005e-16,0.9645752319291921,-0.17673801853643742,2.763983333888131,7.639603870011348,1.0478667789618323,numeric
t_850_av,6.045320028079875,0.0005513871650944548,0.00258660433815439,-0.023481634634208385,-0.05085867023580532,18.959976616604234,,-0.5945500871648552,28.252970377604168,,19.90537520165007,20.05437528170072,7.835932191485097,,,,,,,1173,0,0.0,1173.0,1173,,0.0,1.7431601229681622e-12,54.1506429746119,100.0,0.0,0.0,100.0,,0.0,17.14487938715711,23.190199415236986,20.417038186119072,,0.11019430736556728,1.38201818704424e-11,0.9801716950588952,-0.30934174042410556,3.774054483680191,14.243487245786552,1.0025933122107689,numeric
t_950_av,7.430763946851997,0.009087064925406455,0.002121349543729288,0.09532609781904668,0.046058110509760254,18.40317596425993,,-0.7700529883281897,36.862019856770836,,26.03136493071003,26.501481556029326,13.907501361585584,,,,,,,1173,0,0.0,1173.0,1173,,0.0,1.841293456346692e-22,100.0928075116135,100.0,0.0,0.0,100.0,,0.0,22.431247995758373,29.86201194261037,22.95451849518525,,0.13987519763949474,8.160045543688809e-13,0.9766810428914806,-0.2915927779144355,4.790597894097217,22.94982818292869,1.002125859234246,numeric
vwv_300_av,0.10707281307094099,0.004092594399528621,0.002570605371951742,-0.06397338821360504,-0.05070113777768446,405.6247509019506,,8.589614287691305,0.824162543939268,,0.028642597759730985,0.016080626611642,-0.275891836977475,,,,,,,1173,0,498.0,675.0,1173,,0.0,2.7897870739853985e-117,536.7529812099008,100.0,0.0,42.45524296675192,57.54475703324808,,0.0,-0.03500285652692,0.072069956544021,1.1000543809167431,,0.003392249955461506,3.5730308834107356e-30,0.8695903299186688,1.9367490817420645,0.1161814658147565,0.013498132998865433,1.0025772304142995,numeric
vwv_500_av,0.077830086920477,0.015607486764728697,0.01748467426898544,-0.12492992741824793,-0.13222962704698762,-9256.86486465788,,14.767353792243757,0.911270600930008,,-0.0011695286605418755,-0.011819667173002,-0.380183816041075,,,,,,,1173,0,684.0,489.0,1173,,0.0,1.1068629660130209e-160,736.6241700431788,100.0,0.0,58.31202046035806,41.687979539641944,,0.0,-0.050827533793969,0.027002553126508,1.2914544169710829,,0.003161009396522134,2.1697505105768727e-36,0.7898011033846633,2.6251649256845084,0.10826168765980482,0.011720593014949134,1.0177958285342537,numeric
vwv_700_av,0.127666903433548,0.006156619138203687,0.021878278002859654,0.07846412644134698,0.14791307583462543,610.3588402502045,,9.683879570447266,0.512385840502918,,0.019152016419722535,0.008368765656848,-1.092870321791779,,,,,,,1173,0,544.0,629.0,1173,,0.0,3.584903556288319e-81,370.4653219216792,100.0,0.0,46.3768115942029,53.62318840579711,,0.0,-0.040641476756855,0.087025426676693,1.605256162294697,,0.003413113562047831,4.423207638017856e-24,0.9225767801363786,-1.0834558167807447,0.11689602530394719,0.01366468073186106,1.0223676435261946,numeric
vwv_850_av,0.166152743915072,0.02102707945653001,0.045820568768719185,0.14500717036246866,0.21405739596827572,1549.604760164376,,1.6764989793685885,0.614784586682926,,0.010125351788862817,-0.003318985387783,-0.580939253174786,,,,,,,1173,0,600.0,573.0,1173,,0.0,3.4293614802921345e-25,112.6645064767039,100.0,0.0,51.150895140664964,48.84910485933504,,0.0,-0.081698145824242,0.08445459809083,1.195723839857712,,0.004581229585789385,1.6136180904438006e-16,0.9637186714397562,0.6261741927904401,0.15690293330360702,0.02461853047927615,1.0480209143783281,numeric
vwv_950_av,0.106324096624951,0.0029301547179440023,0.0007648966013569513,0.05413090353895825,0.027656764115799072,-552.1283592929985,,2.706086913001444,0.307735902635314,,-0.020692961604068413,-0.007312582007977,-0.542486832537681,,,,,,,1173,0,646.0,527.0,1173,,0.0,4.993586994633048e-41,185.59566864926384,100.0,0.0,55.072463768115945,44.927536231884055,,0.0,-0.070378382396801,0.03594571422815,0.850222735172995,,0.0033359052012654337,2.13846860639383e-20,0.9454522777863779,-0.8362237072516724,0.11425170939367307,0.013053453099376323,1.000765482116026,numeric
wSdir_1_av,0.950093482031761,0.00024933504030277294,0.00014270662267757157,0.015790346427573175,0.011945987722979275,1441.9415384374333,,56.22949033467489,64.30539836241883,,0.36222854553188155,0.293924568453519,-43.86548818680425,,,,,,,1173,0,369.0,804.0,1173,,0.0,5.502136097461194e-192,880.7824029133245,100.0,0.0,31.45780051150895,68.54219948849105,,0.0,-0.136143786694258,0.813949695337503,108.17088654922307,,0.1525040294881083,5.483776001390039e-52,0.4075600178376838,2.532264621172942,5.223123862101951,27.281022878858796,1.0001427269907643,numeric
wSdir_5_av,0.28237393544287603,0.018149064963403416,0.005507448736247259,-0.13471846556208772,-0.07421218724877511,-11853.085420485353,,2.2435622441338117,1.182445466518402,,-0.0027735634495077216,-0.037608774459503,-1.105112850666046,,,,,,,1173,0,690.0,483.0,1173,,0.0,2.026855960598863e-40,182.79383583040448,100.0,0.0,58.82352941176471,41.17647058823529,,0.0,-0.183176979049501,0.099196956393375,2.2875583171844482,,0.009598878922025583,3.6994496983910025e-24,0.9220285414753179,0.8902901461690911,0.32875284486151035,0.10807843300453629,1.0055379487048433,numeric
wSdir_7_av,0.5411007780756281,0.009235212917083917,0.0005671040580592735,-0.09610001517733448,-0.02381394671320303,-494.68578390144546,,3.0133255747464904,2.780101537704468,,-0.12345453386271467,-0.114722192002598,-2.214902281761169,,,,,,,1173,0,764.0,409.0,1173,,0.0,2.1038342465906352e-28,127.45724218439733,100.0,0.0,65.13213981244672,34.86786018755328,,0.0,-0.438767800073589,0.102332978002039,4.995003819465637,,0.017831483165512065,5.431941237125103e-22,0.9362772089516876,0.4714805832092318,0.6107120286006456,0.37296918187751577,1.00056742584756,numeric
wSdir_9_av,1.3364359259973662,0.0020333239835081504,0.002142107941345192,0.04509239385426494,0.04628291197996505,-1317.4529082910826,,127.34764120442597,1238.2703199386597,,-9.00129692662427,0.04815368540585,-1827.7085553363138,,,,,,,1173,0,539.0,634.0,1173,,0.0,0.0,1588.0898274907686,100.0,0.0,45.950554134697356,54.049445865302644,,0.0,-0.758168547638845,0.578267378358521,3065.9788752749737,,3.4625111652941483,6.628868113675167e-58,0.15939253662048625,-6.9797322658090835,118.5878481437273,14063.077727359725,1.0021467064182115,numeric
wSv_1_av,68.27711895510014,0.08343690094530262,0.10686468086429511,0.28885446326013836,0.3269016379039651,63.274238607328634,,-0.32776511381807394,199.67485179428903,,70.54675594905761,60.8034539071224,-11.56126638462036,,,,,,,1173,0,10.0,1163.0,1173,,0.0,1.330726036183603e-19,86.92678416346119,100.0,0.0,0.8525149190110828,99.14748508098891,,0.0,34.2096432751667,102.48676223026683,211.23611817890938,,1.3033317336077752,7.043385659494942e-21,0.942788646888838,0.6995497523652969,44.63792268893652,1992.5441419834735,1.1196511643585085,numeric
wSv_5_av,4.981457637509424,0.015960787635981657,0.016557437807371133,0.1263360108440252,0.12867570791478528,66.00411731707152,,0.3816142089812362,18.27707987969438,,5.256873425755185,4.579402446746826,-2.520118117332458,,,,,,,1173,0,42.0,1131.0,1173,,0.0,5.828456612469928e-16,70.1572185091698,100.0,0.0,3.580562659846547,96.41943734015345,,0.0,2.70248885962391,7.683946497133334,20.79719799702684,,0.10130935299029831,2.5103282939384238e-14,0.9718576092153458,0.6190913473107198,3.4697529031454084,12.039185208885991,1.0168362021778432,numeric
wSv_7_av,10.545505046844482,0.006450565633990337,0.021533873543967165,0.08031541342725154,0.14674424535213354,88.21651511122938,,-0.3221488480023811,35.37579767847261,,7.894287691808564,6.622611612486103,-7.940872192382812,,,,,,,1173,0,127.0,1046.0,1173,,0.0,8.553300811923714e-10,41.759067323239215,100.0,0.0,10.826939471440749,89.17306052855925,,0.0,2.531336307525635,13.076841354370117,43.31666987085542,,0.20333579627448237,9.508620781537755e-14,0.9737747679061212,0.4378964552275179,6.964065494568223,48.49820821263576,1.02200778643402,numeric
wSv_9_av,64.17202371358871,0.03806850058156644,0.03147235464302192,0.1951115080705555,0.1774044944273451,-987.6511357561482,,33.54199770503484,3790.3279742946606,,-52.08541575411783,14.522521018981934,-6004.82763671875,,,,,,,1173,0,348.0,825.0,1173,,0.0,8.25925368668174e-213,976.6785811539658,100.0,0.0,29.66751918158568,70.33248081841433,,0.0,-4.090599000453949,60.081424713134766,9795.155611013412,,15.020026418834119,6.9125308645857245e-50,0.47931534430548506,-3.4277358771841113,514.4222002588565,264630.2001191631,1.0324950503931376,numeric
wdi_300_av,107.06111237105861,0.005162378809117103,0.0032978243846024423,0.07184969595702617,0.05742668704184878,42.34152527167106,,-0.18043845342080989,358.71405392434934,,206.3714697322284,232.25771313201426,0.185518487496836,,,,,,,1173,0,0.0,1173.0,1173,,0.0,1.8510974989355984e-23,104.68735686600759,100.0,0.0,0.0,100.0,,0.0,157.12820106001803,264.18931343107664,358.5285354368525,,2.551333018972028,4.401906604490094e-25,0.9152678757162983,-0.8175955843652533,87.38082801019048,7635.40910374649,1.0033087360149147,numeric
wdi_500_av,64.70593407815858,0.002171148682041244,0.003508710351806436,-0.04659558650817955,-0.0592343679953322,39.33063096367675,,0.4235341789567624,355.2649319286172,,205.37234853183546,210.610590285927,0.380589023471771,,,,,,,1173,0,0.0,1173.0,1173,,0.0,2.9403660448586713e-23,103.7618461204172,100.0,0.0,0.0,100.0,,0.0,186.76467627737648,251.47061035553506,354.88434290514545,,2.358434814240516,1.209895776296298e-24,0.9185322391005292,-0.7892914689624855,80.77424050249219,6524.477928754449,1.0035210647481376,numeric
wdi_700_av,70.04803667398807,0.0002786803729228921,1.171136768561661e-05,0.01669372256037856,-0.003422187558509412,44.54670087723326,,-0.07003753031551385,359.65188484240196,,188.56086841498023,195.6558806185472,0.670111124662697,,,,,,,1173,0,0.0,1173.0,1173,,0.0,8.021903567273596e-06,23.466669623443252,100.0,0.0,0.0,100.0,,0.0,160.89208867616458,230.94012535015264,358.98177371773926,,2.4525513513423887,1.945259722249468e-20,0.9452287949490188,-0.35327528179811446,83.99764602433466,7055.604537629423,1.0000117115048435,numeric
wdi_850_av,109.90371843174378,0.009080254591717593,0.004831065849553368,0.09529036987921494,0.06950586917342569,48.03588970379191,,-0.57336372503682,359.87220781523337,,184.58653832693903,188.4274651588387,0.042902924130772,,,,,,,1173,0,0.0,1173.0,1173,,0.0,8.687020611651947e-08,32.51770143195317,100.0,0.0,0.0,100.0,,0.0,121.1643362328322,231.06805466457598,359.8293048911026,,2.588909434565983,5.367736281950052e-14,0.9729628453309633,-0.02558299570926799,88.66778595877602,7861.976266831319,1.0048545183473574,numeric
wdi_950_av,190.34077141299744,0.011132448399679733,0.0016765029393304312,0.10551041844140195,0.04094512106869915,51.40009227959145,,-1.1314557100357403,359.6080689670148,,202.88086210565834,208.56100612462305,0.147196520375758,,,,,,,1173,0,0.0,1173.0,1173,,0.0,1.9651454541035275e-120,551.2692897885184,100.0,0.0,0.0,100.0,,0.0,109.99639531337888,300.3371667263763,359.46087244663903,,3.044780393029019,4.219097136089209e-21,0.9415277455898962,-0.24941359492535908,104.28095033993907,10874.51660380084,1.0016793183214323,numeric
wdir100_av,181.67170602870306,0.009578339686701501,0.00047552954604904873,0.09786899246800031,0.021806639953212616,48.72923569383274,,-1.0902966006321215,358.5562172726278,,210.37327729438886,213.94221783939028,0.719198470696483,,,,,,,1173,0,0.0,1173.0,1173,,0.0,2.1610921884534256e-96,440.5551103814481,100.0,0.0,0.0,100.0,,0.0,128.37589601322156,310.0476020419246,357.8370188019313,,2.9931685009973212,1.26541851002385e-22,0.9323378344150476,-0.34723652249511,102.51329012962306,10508.974653200272,1.0004757557819801,numeric
wdir10_av,179.35498532960895,0.007389639041748268,0.0004249214272289344,0.08596300972946601,0.020613622370387365,48.84693808131035,,-1.080167890629892,359.4605219271267,,208.3701268678533,217.35497274312746,0.381909342301185,,,,,,,1173,0,0.0,1173.0,1173,,0.0,3.987050198971622e-92,420.9095537929394,100.0,0.0,0.0,100.0,,0.0,126.45238348954126,305.8073688191502,359.0786125848255,,2.971828858682844,7.988654894944053e-23,0.9310571099882333,-0.3822155609427266,101.78242685108812,10359.662415697103,1.000425102062204,numeric
wv100_k_av,12.491431602843639,0.12908818607710382,0.11231525445746163,0.35928844411851574,0.33513468107234384,51.92085302152504,,0.2834123337223913,55.22391258077484,,17.984219433425853,16.546423703919682,0.653678217012436,,,,,,,1173,0,0.0,1173.0,1173,,0.0,6.573029752033163e-20,88.33745396841762,100.0,0.0,0.0,100.0,,0.0,10.909551129859457,23.400982732703095,54.5702343637624,,0.2726367561627866,6.328423610847579e-17,0.9620473804157332,0.7273391341845366,9.33756013909758,87.19002935126402,1.1265260612187453,numeric
wv10_kh_av,7.609661597703268,0.10208399332818849,0.06847709906469814,0.3195058580498775,0.2616812929207935,53.545204086984874,,1.540608543183664,36.02365257067468,,11.011722731731004,10.11808715896434,0.809977758691766,,,,,,,1173,0,0.0,1173.0,1173,,0.0,1.570683761213511e-42,192.51412572900614,100.0,0.0,0.0,100.0,,0.0,6.556976320206304,14.166637917909572,35.21367481198291,,0.1721578537408552,2.3562651352397017e-21,0.940069603908941,1.0442147420727017,5.896249410198272,34.76575710726347,1.0735109131465723,numeric
wv_300_av,27.804243177328914,0.0005861099514660121,0.003130369406714572,-0.024209707793899787,-0.05594970425940223,48.79079416565737,,2.8041392156901512,183.0677182199339,,50.09399275059456,44.925471630380414,1.470626930171408,,,,,,,1173,0,0.0,1173.0,1173,,0.0,3.0207423069359457e-59,269.4940357769328,100.0,0.0,0.0,100.0,,0.0,34.4042778804359,62.20852105776481,181.5970912897625,,0.7136323511060718,8.84982682759971e-23,0.9313437217999182,1.2183644700702463,24.441256892301915,597.3750384754959,1.0031401993908184,numeric
wv_500_av,29.18090039636773,0.059070584150045624,0.05212386406499636,0.2430444077736528,0.2283065134090492,48.44440551519471,,0.21467812732288483,116.74426681794637,,38.48312869450815,35.994112384026074,2.689947543697865,,,,,,,1173,0,0.0,1173.0,1173,,0.0,3.581178592792531e-13,57.3158284936516,100.0,0.0,0.0,100.0,,0.0,23.86298092385851,53.04388132022624,114.0543192742485,,0.5443334184203261,8.948658024980539e-15,0.9703089183390918,0.5658320344629877,18.642922919701785,347.5585749899421,1.0549901638926487,numeric
wv_700_av,25.864448144636057,0.04971400168857786,0.0764615091927929,0.22296636896307448,0.27651674306051144,54.566441481146896,,-0.5377127364122578,95.1634000963049,,31.4603053542535,27.09188839782034,0.747499975834711,,,,,,,1173,0,0.0,1173.0,1173,,0.0,4.979863506525879e-17,75.07708819713193,100.0,0.0,0.0,100.0,,0.0,18.886232824521315,44.75068096915737,94.41590012047018,,0.5012328889427389,3.5158965535942524e-18,0.9565418339416552,0.5240575046279395,17.16676911091886,294.69796170759787,1.0827919030488515,numeric
wv_850_av,17.721322265238143,0.08663738557539107,0.1429840740091635,0.29434229321555383,0.37813234985804045,60.950425666880626,,-0.0032337061936398293,66.17582865844011,,23.427883135430623,19.90767476724376,0.27936519572551,,,,,,,1173,0,0.0,1173.0,1173,,0.0,1.7779623478444126e-24,109.37314854336009,100.0,0.0,0.0,100.0,,0.0,13.42136966136438,31.142691926602524,65.8964634627146,,0.41692773458009846,6.924664773127268e-23,0.9306554538880966,0.8492598909890893,14.279394495784304,203.9011071662351,1.16683945965631,numeric
wv_950_av,16.20695989258842,0.08315880787493943,0.09276804143501677,0.28837268919739856,0.3045784651530977,71.54770394511087,,2.0331206882176804,75.55059488730858,,18.763451236923842,15.011735295654189,0.466483641736492,,,,,,,1173,0,0.0,1173.0,1173,,0.0,4.716996740999998e-63,287.02337709045645,100.0,0.0,0.0,100.0,,0.0,9.274012253896679,25.480972146485097,75.08411124557209,,0.3919759470928721,3.503602956548264e-29,0.8797096510024394,1.4080618056874366,13.424818540879512,180.2257528555423,1.1022539390937602,numeric
