variable,corr_ros_p_model,corr_log_ros_p_model,corr_ros_p_model_log,corr_log_ros_p_model_log,Relation
t_2m_C_av,0.07792451463596768,0.18448063763798742,0.0764941607214017,0.17971060283358115,Relação Exponencial
wSv_7_av,0.1467442453521332,0.08031541342725154,0.10187670573574312,0.05405258750669065,Relação Linear
vwv_700_av,0.14791307583462515,0.07846412644134663,0.15022258451839982,0.07873545932308174,Relação Logarítmica
aspect_av,0.15477601797668133,0.11053600325812142,0.10923086402554474,0.07143994295652706,Relação Linear
Recirc,-0.1722672585195289,-0.294282933169679,-0.18060048864914988,-0.30260220737502225,Relação Potência
wdi_700_av,-0.0034221875585092845,0.01669372256037876,0.018228863866696966,0.014825777301579782,Relação Logarítmica
gT_9_8_av,-0.15313759432921906,-0.20239109117236495,-0.1066510306719037,-0.1435047529571029,Relação Exponencial
FWI_12h_av,0.32070723342631546,0.3297793468287294,0.3054859701331008,0.3159505964754755,Relação Exponencial
Cape_av,-0.18604752986881626,-0.25509363023798354,-0.24520209586083977,-0.29668064102662695,Relação Potência
wdir100_av,0.021806639953212557,0.09786899246800025,0.08760105816196452,0.13303090032460893,Relação Potência
sW_28_av,-0.20104662111953914,-0.17411549967473317,-0.20186977021943106,-0.17357274491521674,Relação Logarítmica
CircVar,-0.16080677932864254,-0.2695951617781595,-0.17235410565279888,-0.2837458193764256,Relação Potência
t_500_av,-0.18057645823222562,-0.07960901931745525,-0.14675236677444758,-0.05489855289024606,Relação Linear
wv_300_av,-0.05594970425940228,-0.024209707793899797,-0.07280077986528402,-0.06311007775342996,Relação Logarítmica
wdi_300_av,0.05742668704184857,0.07184969595702649,0.06943720784991674,0.06359151875873816,Relação Exponencial
rh_500_av,0.11596063335303847,0.0784845276101248,0.09174995178402186,0.05914560524095855,Relação Linear
BLH_m_rt,0.04255214405349567,0.05449629629344279,0.004968941265954612,0.036994049534133336,Relação Exponencial
land_use,-0.012996189747080973,-0.004473087931656648,-0.012996189747080973,-0.004473087931656648,Relação Linear
t_950_av,0.046058110509760934,0.09532609781904725,0.04872646569852138,0.09238244900058408,Relação Exponencial
wSdir_1_av,0.011945987722979255,0.015790346427572984,0.05166928122118224,0.05027696173425131,Relação Logarítmica
vwv_850_av,0.21405739596827605,0.14500717036246866,0.2091685415191722,0.1389364551921935,Relação Linear
wSdir_9_av,0.046282911979964966,0.045092393854265125,0.14987706936364514,0.17211873509044442,Relação Potência
HigCC_p_av,0.07543801084556187,0.05578769040535887,0.07250071861369455,0.04946084763820561,Relação Linear
gp_500_av,-0.1250765513244228,-0.05707515028369049,-0.12492608981430454,-0.05688538943815713,Relação Linear
gp_m2s2_av,-0.17756290399876762,-0.1650828859519559,-0.19453476005329254,-0.16189134768056093,Relação Logarítmica
t_850_av,-0.050858670235805745,-0.023481634634209044,-0.03984896722608605,-0.016762291261309858,Relação Linear
rh_950_av,-0.22063368787920795,-0.2780816223077359,-0.23007510007730872,-0.2774455612321322,Relação Exponencial
wdi_500_av,-0.05923436799533224,-0.04659558650817945,0.008050841372174851,0.005114278168926412,Relação Linear
wSdir_5_av,-0.07421218724877525,-0.1347184655620876,-0.06928824560349194,-0.1357053145660779,Relação Potência
Haines_av,0.04793919290706729,0.041319050025771,0.04793919290706691,0.04131905002577022,Relação Linear
wdi_850_av,0.06950586917342574,0.09529036987921462,0.08215499152683771,0.07283039374269915,Relação Exponencial
FFMC_12h_a,0.037905436293007765,0.09821464746138765,0.03866967816182885,0.09771691016054726,Relação Exponencial
vwv_500_av,-0.1322296270469874,-0.12492992741824813,-0.135691123835057,-0.1275812785442436,Relação Logarítmica
rh_300_av,-0.005458498186621618,-0.016825605053439854,-0.04974062291894366,-0.05665306402340184,Relação Potência
gp_700_av,-0.01248236713404752,0.009408408908122279,-0.011621353298397984,0.010191288662917346,Relação Linear
LCL_m_av,0.18212363957447703,0.281799823666222,0.18216391006141466,0.2826841169353317,Relação Potência
HDW_av,0.2871434087639435,0.383461286057689,0.25422777173408995,0.3720631252108731,Relação Exponencial
sW_1m_av,-0.2368770169793864,-0.22506395826635434,-0.235979657623914,-0.2220869340055254,Relação Linear
sW_100_av,-0.24216343984337618,-0.23570264914218442,-0.24071630750435377,-0.23193955166156954,Relação Linear
sW_3m_av,-0.22841439159401722,-0.21934441459584864,-0.22668177105256967,-0.21521237585893463,Relação Linear
wv_950_av,0.3045784651530983,0.288372689197399,0.31221371528189384,0.3405522204673937,Relação Potência
gT_8_7_av,-0.1635861944080591,-0.1025248088054167,-0.1476385021913405,-0.08598058324740772,Relação Linear
8_ny_fir_p,-0.05539432629381613,-0.07413282604888234,0.03738945094566968,0.01619692872147497,Relação Exponencial
t_700_av,-0.21372930132225704,-0.12249077890576741,-0.2211566383186145,-0.12479083026041302,Relação Logarítmica
CBH_m_av,0.13482920603842977,0.1029846132031655,0.13568393510904997,0.114227130444235,Relação Logarítmica
wSv_9_av,0.17740449442734532,0.19511150807055583,0.212333885975731,0.23617434655225641,Relação Potência
wv_850_av,0.3781323498580402,0.2943422932155531,0.27975654624186036,0.20853674915997206,Relação Linear
sP_hPa_av,0.16018474532713645,0.14688192903281425,0.1595163441453649,0.14655776041791593,Relação Linear
VPD_Pa_av,0.1481517445614914,0.25933604461946286,0.1617013917078423,0.27565001389313865,Relação Potência
wdir10_av,0.020613622370387302,0.08596300972946588,0.08720030061646024,0.12440819708745345,Relação Potência
DC_12h_av,0.3045862605162511,0.2971891901783729,0.28126060727296925,0.28727649110552334,Relação Linear
Cin_av,0.04409137110427318,0.01061135230173584,-0.05405661205931191,-0.1040468660153177,Relação Potência
gT_7_5_av,0.04919695035274391,0.05592775871528505,0.03791808313350577,0.044695074709999116,Relação Exponencial
wv10_kh_av,0.26168129292079373,0.31950585804987774,0.2645451133479917,0.3525695762659336,Relação Potência
wv_500_av,0.2283065134090494,0.24304440777365305,0.23613490752884916,0.25682547898158703,Relação Potência
inidoy,0.30519075483216646,0.25959079146694664,0.2916722474128869,0.253657232822258,Relação Linear
EL_m_av,0.11345644150191894,0.14675985176360257,0.12414134068412802,0.16368839754203748,Relação Potência
wv_700_av,0.2765167430605116,0.2229663689630745,0.23749522001013107,0.19709633353826747,Relação Linear
gp_300_av,-0.15244776333179902,-0.05475369211143784,-0.15294837583865412,-0.05508890465482281,Relação Logarítmica
fuel_model,0.03425873523433148,0.04019958607035857,0.03425873523433148,0.04019958607035857,Relação Exponencial
rh_700_av,0.13641888230380794,0.0695267514429147,0.1221010900997555,0.06762495786019011,Relação Linear
wSdir_7_av,-0.023813946713203082,-0.0961000151773344,-0.020157339325955606,-0.09874004114791962,Relação Potência
gp_850_av,0.07934158568640973,0.0738127656363716,0.07984625529307715,0.07440459824835353,Relação Logarítmica
sW_289_av,-0.22029378946406908,-0.2123693092303023,-0.21817230047949548,-0.20777762315891093,Relação Linear
LCL_hPa_av,-0.18405959886701967,-0.2844724655569821,-0.18377490174167938,-0.2838791871505363,Relação Exponencial
vwv_950_av,0.027656764115798965,0.054130903538957956,0.0358355438954315,0.05950486114385067,Relação Potência
LFC_hPa_av,0.06005551084998089,0.10488491568316236,0.049961915130463296,0.09245133543621614,Relação Exponencial
f_start,-0.18749193699928426,-0.25829311885982276,-0.15139572838027246,-0.27284727977748807,Relação Potência
CMLG_av,0.08096449056832647,0.09615349770388411,0.07189595681707091,0.0916852904538498,Relação Exponencial
rh_2m_av,-0.2465029897096037,-0.35491985828713496,-0.2438981698281532,-0.34399468958290186,Relação Exponencial
duration_p,-0.3144640786650842,-0.42809437704069936,-0.3352550509902165,-0.422655252827911,Relação Exponencial
CCL_hPa_av,-0.09702203817504661,-0.08359794365969829,-0.09751080218119983,-0.0870824598576083,Relação Logarítmica
wv100_k_av,0.3351346810723441,0.3592884441185157,0.32981639605106056,0.3890127277257783,Relação Potência
dfmc_av,-0.22987701336815047,-0.34621228233916,-0.228217181297265,-0.3415794621344833,Relação Exponencial
gp_950_av,0.08677342793401577,0.06240713637754586,0.08822825562447494,0.06396413485172517,Relação Logarítmica
LowCC_p_av,-0.10431121820831064,-0.16990828797963523,-0.12604636024614913,-0.186506373436209,Relação Potência
1_3y_fir_p,-0.05823497838484363,-0.09405073966598872,-0.024266546651171318,-0.0455313169622721,Relação Exponencial
BLH_m_av,0.15439491463400673,0.2656833366509136,0.1574138381224643,0.26101486912922395,Relação Exponencial
vwv_300_av,-0.05070113777768444,-0.06397338821360507,-0.0480073945559965,-0.061363213747400336,Relação Exponencial
gT_5_3_av,0.22346259514547057,0.18486353163209673,0.22470173006729532,0.1863471756587088,Relação Logarítmica
TotCC_p_av,0.06698293690683835,0.043225410239870234,0.06144498764866712,0.021355206477260077,Relação Linear
wSv_5_av,0.12867570791478514,0.12633601084402513,0.13142207884434248,0.12863198077351048,Relação Logarítmica
MidCC_p_av,-0.03810169708226873,-0.033031192500255456,-0.0203206788476104,-0.03529377459831473,Relação Linear
LiftIdx_av,-0.1423390107667788,-0.19571117283898834,-0.14123632572773107,-0.19471069166031552,Relação Exponencial
t_300_av,-0.04226729191386951,0.05496693509529426,-0.04347757343952049,0.052255341141950025,Relação Exponencial
wSv_1_av,0.3269016379039645,0.2888544632601385,0.26609866727760084,0.26110997634891353,Relação Linear
elev_av,-0.17854143806371744,-0.1530148035413965,-0.18814626171169718,-0.14530208957869603,Relação Logarítmica
gT_s_9_av,0.0009981623135356258,-0.1216610630392658,0.06018465849617765,-0.10688260637023782,Relação Exponencial
f_load_av,-0.017450216854568133,0.012443665422223289,-0.014088390873419657,0.016158463173080166,Relação Linear
wdi_950_av,0.04094512106869911,0.10551041844140173,0.08944505171308798,0.1127234988358088,Relação Potência
VentIdx_av,0.1963040702821807,0.17314975684425324,0.20011142703193033,0.1933607140214045,Relação Logarítmica
d_2m_C_av,-0.26651876301397814,-0.2953439793806509,-0.19906487149127983,-0.21512295566931186,Relação Exponencial
3_8y_fir_p,0.001566848859835878,-0.0007692071629500776,0.07988489322321408,0.07307165493249212,Relação Logarítmica
rh_850_av,-0.08271373340922841,-0.09631908327377053,-0.06066241541520369,-0.07924394508718671,Relação Exponencial
landform,0.002863583962125137,-0.028961296352221774,0.002863583962125137,-0.028961296352221774,Relação Exponencial
sW_7_av,-0.18682726321313617,-0.1491367561286073,-0.18979822798127205,-0.1505118396933429,Relação Logarítmica
enddoy,0.3037586131279627,0.25770925210380496,0.2903109092587978,0.2518646752941131,Relação Linear
